CODIGO;NOME
rc_cadm_001_2022;POLÍTICA DE DIVERSIDADE E INCLUSÃO DA DATAPREV
rc_cadm_003_2022;Política de Indicação, Seleção e Sucessão  da DATAPREV
rc_cadm_004_2022;Política de Divulgação de Informações da DATAPREV  
rc_cadm_006_2020;Política de Gestão de Pessoas da DATAPREV
rc_cadm_006_2021;Política de Governança da DATAPREV 
rc_cadm_006_2022;Política de Transações com Partes Relacionadas da DATAPREV
rc_cadm_007_2022;Política de Conflito de Interesses da DATAPREV
rc_cadm_008_2022;Política de Segurança da Informação e Privacidade da DATAPREV
rc_cadm_009_2020;Política de Gestão da Infraestrutura de Data Center da Dataprev
rc_cadm_009_2021;Política de Porta-vozes da DATAPREV
rc_cadm_009_2022;Política de Continuidade de Negócios da DATAPREV
rc_cadm_010_2021;Política de Gestão de Riscos da DATAPREV
rc_cadm_012_2022;Política de Responsabilidade Socioambiental da DATAPREV 
rc_cadm_013_2021;Política de Conformidade e Integridade da DATAPREV
rc_cadm_013_2022;Política de Saúde, Segurança do Trabalho e Qualidade de Vida da DATAPREV 
rs_cadm_010_2022;Política de Patrocínios da DATAPREV 
rs_pr_3198_2012;Política de Segurança Física e Patrimonial da Dataprev
